   ,Date ,Sales & Services Revenue ,Cost of Revenue ,Gross Profit ,"Selling, General & Admin " ,Research & Development ,Operating Income (Loss) ,Non-Operating (Income) Loss ,Pretax Income ,Income (Loss) from Cont Ops ,Basic Weighted Avg Shares ,"Basic EPS, GAAP " ,Diluted Weighted Avg Shares ,"Diluted EPS, GAAP " ,EBITDA ,EBITDA Margin (%) ,EBITA  ,EBIT   ,Gross Margin (%) ,Operating Margin (%) ,Profit Margin (%) ,Sales per Employee ,Dividend per Share ,Depreciation Expense ,"Cash, Cash Equivalents & STI " ,Cash & Cash Equivalents ,Accounts & Notes Receiv ,Inventories ,Other ST Assets ,Total Current Assets ,"Property, Plant & Equip, Net " ,"Property, Plant & Equip " ,LT Investments & Receivables ,Other LT Assets ,Total Noncurrent Assets ,Total Assets ,Payables & Accruals ,ST Debt ,Other ST Liabilities ,Total Current Liabilities ,LT Debt ,Other LT Liabilities ,Total Noncurrent Liabilities ,Total Liabilities ,Share Capital & APIC ,Common Stock ,Retained Earnings ,Other Equity ,Equity Before Minority Interest ,Total Equity ,Total Liabilities & Equity ,Shares Outstanding ,Net Debt ,Net Debt to Equity ,Tangible Common Equity Ratio ,Current Ratio ,Cash Conversion Cycle ,Number of Employees ,Net Income ,Depreciation & Amortization ,Non-Cash Items ,Stock-Based Compensation ,Chg in Non-Cash Work Cap ,Cash from Operating Activities ,Acq of Fixed & Intang ,Net Change in LT Investment ,Cash from Investing Activities ,Dividends Paid ,Cash From Debt ,Cash (Repurchase) of Equity ,Cash from Financing Activities ,Net Changes in Cash ,Capital Expenditures ,Free Cash Flow ,Price/Free Cash Flow ,Cash Flow to Net Income ,Performance
 0 ,2010 ,78.52                    ,69.0            ,95.46        ,32.97                       ,33.68                  ,140.08                  ,-52.45                      ,132.21        ,145.67                      ,1.84                      ,141.23             ,1.95                        ,140.97               ,132.17 ,30.06             ,140.08 ,140.08 ,9.49             ,34.48                ,37.62             ,32.98              ,- -                ,46.09                ,9.19                            ,113.97                  ,195.27                  ,130.99      ,-43.43          ,14.93                ,61.41                           ,55.0                       ,141.18                       ,-18.47          ,90.52                   ,39.61        ,97.59               ,- -     ,-71.04               ,7.47                      ,- -     ,-0.99                ,-0.99                        ,5.28              ,-35.03               ,29.94        ,90.24             ,-154.76      ,71.71                           ,71.71        ,39.61                      ,1.8                ,113.97   ,24.61              ,22.94                        ,6.94          ,-4.38                 ,34.24               ,145.67     ,46.09                       ,979.72         ,23.8                     ,-65.71                   ,83.04                          ,74.86                 ,-31.3                       ,-20.53                         ,- -            ,- -            ,92.0                        ,89.59                          ,-190.71             ,74.86                ,84.15          ,-13.02               ,-25.49                  ,0.4028514433530972
 1 ,2011 ,65.96                    ,62.95           ,70.6         ,37.74                       ,36.31                  ,83.79                   ,167.74                      ,84.49         ,84.99                       ,1.63                      ,82.02              ,1.29                        ,82.63                ,83.41  ,10.51             ,83.79  ,83.79  ,2.8              ,10.74                ,11.46             ,29.52              ,- -                ,76.63                ,1.3                             ,-12.84                  ,18.07                   ,-26.17      ,28.72           ,7.94                 ,63.11                           ,62.68                      ,119.05                       ,138.73          ,113.05                  ,54.78        ,34.62               ,- -     ,37.1                 ,34.98                     ,- -     ,76.7                 ,76.7                         ,45.14             ,149.93               ,24.96        ,69.07             ,-1063.04     ,60.31                           ,60.31        ,54.78                      ,1.45               ,-12.84   ,-45.63             ,2.3                          ,-20.03        ,8.19                  ,28.14               ,84.99      ,76.63                       ,72.26          ,32.88                    ,375.0                    ,101.82                         ,251.34                ,192.65                      ,191.75                         ,- -            ,- -            ,-8.88                       ,14.88                          ,-124.11             ,251.34               ,82.57          ,-37.48               ,9.1                     ,0.2556125949826031
 2 ,2012 ,44.58                    ,36.34           ,56.7         ,32.12                       ,39.19                  ,63.48                   ,25.78                       ,63.03         ,60.99                       ,1.14                      ,59.18              ,0.93                        ,59.51                ,64.36  ,13.68             ,63.48  ,63.48  ,8.38             ,13.07                ,11.35             ,20.26              ,- -                ,80.65                ,12.24                           ,9.49                    ,59.53                   ,1.93        ,38.18           ,28.15                ,98.69                           ,85.99                      ,65.63                        ,35.67           ,65.88                   ,51.3         ,36.48               ,- -     ,45.51                ,37.8                      ,- -     ,63.86                ,63.86                        ,45.52             ,-38.41               ,23.19        ,61.18             ,12.64        ,54.29                           ,54.29        ,51.3                       ,1.07               ,9.49     ,-29.04             ,2.52                         ,-7.0          ,-0.32                 ,20.22               ,60.99      ,80.65                       ,52.25          ,48.97                    ,-105.19                  ,35.51                          ,26.17                 ,18.37                       ,19.32                          ,- -            ,- -            ,-19.98                      ,-217.59                        ,-164.38             ,26.17                ,37.83          ,32.05                ,-15.83                  ,0.1916117518269384
 3 ,2013 ,9.2                      ,21.36           ,-6.35        ,7.87                        ,32.36                  ,-11.3                   ,121.46                      ,-10.06        ,-11.25                      ,-1.01                     ,-10.34             ,-1.45                       ,-9.95                ,-4.72  ,-12.75            ,-11.3  ,-11.3  ,-14.24           ,-18.77               ,-18.73            ,-1.54              ,328.95             ,106.19               ,39.19                           ,32.69                   ,10.43                   ,123.01      ,14.31           ,27.12                ,7.41                            ,30.3                       ,15.3                         ,0.6             ,12.92                   ,17.57        ,11.15               ,- -     ,24.9                 ,13.27                     ,- -     ,18.23                ,106.05                       ,44.24             ,20.35                ,20.35        ,2.93              ,-194.39      ,4.52                            ,4.52         ,17.57                      ,-4.26              ,-125.13  ,-124.05            ,-11.46                       ,12.22         ,-15.9                 ,10.91               ,-11.25     ,106.19                      ,-44.77         ,29.48                    ,-2266.56                 ,5.53                           ,-3.47                 ,-37.43                      ,-29.97                         ,324.6          ,- -            ,-3457.89                    ,864.61                         ,277.34              ,-3.47                ,7.57           ,-33.5                ,18.91                   ,-0.2153174773797224
 4 ,2014 ,6.95                     ,5.3             ,9.69         ,10.74                       ,34.99                  ,7.15                    ,-15.22                      ,6.64          ,6.68                        ,-6.05                     ,13.54              ,-6.12                       ,13.63                ,8.42   ,1.37              ,7.15   ,7.15   ,2.56             ,0.18                 ,-0.26             ,-6.94              ,12.1               ,17.6                 ,-38.15                          ,-2.91                   ,31.87                   ,19.67       ,36.66           ,-6.49                ,24.26                           ,36.8                       ,22.55                        ,14.86           ,22.13                   ,12.0         ,4.59                ,- -     ,158.98               ,45.33                     ,70.91   ,22.0                 ,42.85                        ,44.15             ,17.96                ,17.96        ,-16.41            ,-329.72      ,-9.71                           ,-9.71        ,12.0                       ,-6.8               ,694.19   ,779.64             ,-21.28                       ,-35.66        ,10.37                 ,14.93               ,6.68       ,17.6                        ,53.51          ,27.08                    ,8.78                     ,11.27                          ,8.12                  ,-62.49                      ,-33.15                         ,5.32           ,-29.21         ,98.25                       ,129.25                         ,-111.81             ,8.12                 ,11.91          ,25.37                ,4.3                     ,0.2923191154998092
 5 ,2015 ,27.86                    ,24.79           ,32.73        ,19.48                       ,33.54                  ,35.67                   ,31.12                       ,35.59         ,35.14                       ,-5.46                     ,42.94              ,-5.38                       ,42.83                ,36.46  ,6.73              ,35.67  ,35.67  ,3.81             ,6.11                 ,5.7               ,12.75              ,9.91               ,41.67                ,65.89                           ,52.56                   ,11.48                   ,11.27       ,6.8             ,30.42                ,8.96                            ,26.25                      ,26.05                        ,16.32           ,23.14                   ,25.29        ,60.15               ,74.37   ,-53.57               ,27.05                     ,84.44   ,33.0                 ,59.23                        ,42.26             ,17.6                 ,17.6         ,5.89              ,-131.89      ,7.0                             ,7.0          ,25.29                      ,-4.9               ,102.05   ,88.83              ,-14.92                       ,2.65          ,9.2                   ,13.4                ,35.14      ,41.67                       ,-4.64          ,25.25                    ,65.28                    ,36.09                          ,17.07                 ,392.59                      ,149.23                         ,3.91           ,126.71         ,-21.59                      ,-52.82                         ,-1853.25            ,17.07                ,39.84          ,-22.49               ,0.71                    ,-0.0228710315172145
 6 ,2016 ,-7.73                    ,-6.22           ,-10.0        ,-0.94                       ,24.52                  ,-15.73                  ,4.9                         ,-15.37        ,-14.43                      ,-4.91                     ,-10.01             ,-5.05                       ,-9.88                ,-14.5  ,-7.33             ,-15.73 ,-15.73 ,-2.46            ,-8.67                ,-7.26             ,-12.51             ,10.52              ,-6.68                ,61.43                           ,-3.01                   ,-3.44                   ,-9.24       ,-45.09          ,19.57                ,20.2                            ,24.34                      ,3.88                         ,19.31           ,6.82                    ,10.74        ,-2.23               ,5.51    ,-9.62                ,-1.99                     ,41.08   ,5.27                 ,26.42                        ,13.04             ,13.99                ,13.99        ,4.42              ,-283.77      ,7.45                            ,7.45         ,10.74                      ,-4.35              ,53.54    ,42.89              ,-2.53                        ,22.0          ,27.7                  ,5.45                ,-14.43     ,-6.68                       ,84.14          ,17.4                     ,-95.84                   ,-19.0                          ,17.93                 ,-27.91                      ,-18.3                          ,5.09           ,-7.97          ,-15.8                       ,15.62                          ,-108.74             ,17.93                ,-25.08         ,13.29                ,-5.34                   ,0.0294539021440272
 7 ,2017 ,6.3                      ,7.36            ,4.66         ,7.52                        ,15.29                  ,2.2                     ,103.64                      ,4.43          ,5.83                        ,-4.64                     ,10.97              ,-4.52                       ,10.84                ,1.38   ,-4.63             ,2.2    ,2.2    ,-1.55            ,-3.86                ,-0.45             ,0.25               ,10.2               ,-3.31                ,10.46                           ,-0.95                   ,21.76                   ,127.72      ,68.25           ,20.38                ,25.08                           ,22.58                      ,14.25                        ,4.6             ,14.83                   ,16.67        ,26.08               ,59.18   ,-6.58                ,27.6                      ,28.88   ,10.89                ,22.74                        ,24.73             ,14.77                ,14.77        ,2.04              ,-123.66      ,4.52                            ,4.52         ,16.67                      ,-3.93              ,43.34    ,37.14              ,-10.2                        ,-5.66         ,9.39                  ,6.03                ,5.83       ,-3.31                       ,16.31          ,14.96                    ,-1246.69                 ,-3.38                          ,-5.56                 ,4.75                        ,1.02                           ,5.09           ,14.86          ,10.67                       ,-15.31                         ,-69.34              ,-5.56                ,-2.82          ,35.12                ,-8.71                   ,0.2904435876470839
 8 ,2018 ,15.86                    ,16.1            ,15.48        ,9.46                        ,22.93                  ,15.57                   ,-26.96                      ,13.75         ,23.12                       ,-5.02                     ,29.63              ,-4.79                       ,29.32                ,14.41  ,-1.26             ,15.57  ,15.57  ,-0.33            ,-0.25                ,6.27              ,7.96               ,13.06              ,7.34                 ,-10.62                          ,27.72                   ,37.34                   ,-18.52      ,-13.27          ,2.09                 ,22.26                           ,20.42                      ,-12.28                       ,22.59           ,-4.98                   ,-2.56        ,-25.28              ,12.32   ,432.99               ,15.92                     ,-3.57   ,10.93                ,0.89                         ,7.17              ,12.08                ,12.08        ,-28.4             ,2202.67      ,-20.07                          ,-20.07       ,-2.56                      ,-7.24              ,-7.15    ,16.16              ,-14.62                       ,-11.93        ,7.82                  ,7.32                ,23.12      ,7.34                        ,-360.28        ,10.33                    ,-725.12                  ,21.76                          ,4.05                  ,-191.96                     ,-134.59                        ,7.39           ,-75.69         ,122.81                      ,406.58                         ,-2984.1             ,4.05                 ,26.21          ,17.61                ,-1.11                   ,0.0084708037423222
 9 ,2019 ,-2.04                    ,-1.21           ,-3.38        ,9.22                        ,13.92                  ,-9.83                   ,-9.88                       ,-9.83         ,-7.18                       ,-6.81                     ,-0.4               ,-7.02                       ,-0.17                ,-6.51  ,-4.56             ,-9.83  ,-9.83  ,-1.37            ,-7.95                ,-5.25             ,-5.62              ,10.49              ,15.08                ,51.67                           ,88.49                   ,-6.51                   ,3.79        ,2.19            ,23.97                ,-9.51                           ,6.14                       ,-38.32                       ,48.0            ,-25.04                  ,-7.44        ,-17.27              ,-21.73  ,7.49                 ,-9.54                     ,-2.06   ,5.27                 ,0.42                         ,-4.08             ,12.37                ,12.37        ,-34.8             ,-83.09       ,-15.55                          ,-15.55       ,-7.44                      ,-6.56              ,-33.16   ,-20.85             ,-8.76                        ,37.04         ,-7.42                 ,3.79                ,-7.18      ,15.08                       ,-118.33        ,13.63                    ,-110.05                  ,-10.39                         ,-21.17                ,88.34                       ,185.67                         ,2.97           ,-0.09          ,-8.26                       ,3.53                           ,332.27              ,-21.17               ,-8.15          ,3.79                 ,-3.45                   ,0.6007974466008801
10 ,2020 ,5.51                     ,4.81            ,6.67         ,9.16                        ,15.63                  ,3.69                    ,-55.56                      ,2.06          ,3.9                         ,-6.06                     ,10.6               ,-5.74                       ,10.23                ,1.13   ,-4.15             ,3.69   ,3.69   ,1.1              ,-1.73                ,-1.53             ,-1.67              ,6.16               ,-11.88               ,-9.56                           ,-22.17                  ,-18.25                  ,-1.1        ,-8.81           ,-11.73               ,-1.64                           ,7.89                       ,-4.23                        ,28.94           ,2.55                    ,-4.32        ,-8.52               ,-15.22  ,14.07                ,-0.31                     ,7.47    ,7.89                 ,7.62                         ,4.24              ,12.41                ,12.41        ,-67.39            ,-30.48       ,-27.79                          ,-27.79       ,-4.32                      ,-4.48              ,25.7     ,74.09              ,-24.53                       ,-11.46        ,-17.77                ,7.3                 ,3.9        ,-11.88                      ,28.39          ,12.54                    ,-263.13                  ,16.26                          ,-30.36                ,-90.82                      ,-109.35                        ,-0.27          ,131.09         ,8.11                        ,-4.57                          ,-142.92             ,-30.36               ,24.57          ,76.33                ,11.9                    ,0.6604782813232062
11 ,2021 ,33.26                    ,25.61           ,45.62        ,10.33                       ,16.86                  ,64.36                   ,-67.87                      ,62.77         ,64.92                       ,-3.75                     ,71.34              ,-3.78                       ,71.4                 ,55.45  ,16.65             ,64.36  ,64.36  ,9.27             ,23.34                ,23.76             ,27.2               ,6.75               ,2.06                 ,-31.12                          ,-8.09                   ,37.55                   ,62.03       ,25.28           ,-6.18                ,7.27                            ,5.99                       ,26.75                        ,14.88           ,19.98                   ,8.37         ,29.48               ,13.39   ,11.71                ,19.06                     ,10.58   ,-2.14                ,6.06                         ,11.36             ,12.97                ,12.97        ,-62.84            ,-140.15      ,-3.44                           ,-3.44        ,8.37                       ,-3.24              ,20.64    ,24.94              ,-10.9                        ,-21.2         ,-14.26                ,4.76                ,64.92      ,2.06                        ,-54.2          ,15.77                    ,-186.31                  ,28.96                          ,51.66                 ,-157.64                     ,239.12                         ,2.74           ,26.74          ,18.73                       ,7.52                           ,-63.01              ,51.66                ,26.7           ,-7.16                ,-21.8                   ,0.0775541489722171
12 ,2022 ,7.79                     ,4.96            ,11.74        ,14.2                        ,19.79                  ,9.63                    ,-229.46                     ,9.06          ,5.41                        ,-2.91                     ,8.57               ,-3.2                        ,8.89                 ,8.57   ,0.72              ,9.63   ,9.63   ,3.66             ,1.7                  ,-2.21             ,1.22               ,5.66               ,-1.6                 ,-22.89                          ,-32.32                  ,18.3                    ,-24.83      ,50.4            ,0.42                 ,6.79                            ,4.31                       ,-5.53                        ,11.42           ,0.55                    ,0.5          ,17.08               ,35.21   ,24.77                ,22.71                     ,-9.3    ,-7.84                ,-8.82                        ,4.92              ,13.05                ,13.05        ,-155.16           ,-6915.34     ,-19.68                          ,-19.68       ,0.5                        ,-2.94              ,7.4      ,33.72              ,-20.08                       ,-18.17        ,21.61                 ,6.49                ,5.41       ,-1.6                        ,236.48         ,14.32                    ,-124.43                  ,17.41                          ,-3.4                  ,210.89                      ,53.69                          ,2.59           ,-53.81         ,5.34                        ,18.63                          ,183.73              ,-3.4                 ,19.89          ,-17.51               ,11.38                   ,-0.0696135762905395
13 ,2023 ,-2.8                     ,-4.21           ,-0.96        ,-0.65                       ,13.96                  ,-4.3                    ,69.16                       ,-4.51         ,-2.81                       ,-2.91                     ,0.1                ,-3.14                       ,0.34                 ,-3.62  ,-0.84             ,-4.3   ,-4.3   ,1.9              ,-1.54                ,-0.01             ,-0.99              ,4.27               ,3.74                 ,27.43                           ,26.72                   ,0.09                    ,28.0        ,-30.76          ,6.03                 ,3.79                            ,0.12                       ,-16.77                       ,18.98           ,-3.83                   ,-0.05        ,-2.35               ,-25.12  ,-2.72                ,-5.63                     ,-3.72   ,1.44                 ,-2.01                        ,-3.86             ,13.82                ,13.82        ,-93.02            ,3.09         ,22.64                           ,22.64        ,-0.05                      ,-2.47              ,-15.87   ,-31.4              ,22.7                         ,12.36         ,11.21                 ,-1.83               ,-2.81      ,3.74                        ,-14.32         ,19.86                    ,-648.08                  ,-9.5                           ,2.34                  ,-267.37                     ,-116.57                        ,1.24           ,-44.5          ,-13.26                      ,-2.04                          ,-152.59             ,2.34                 ,-10.64         ,28.95                ,-6.88                   ,0.2477754666898404
14 ,2010 ,14.31                    ,11.02           ,16.78        ,23.44                       ,35.75                  ,-0.08                   ,-187.31                     ,-20.59        ,-19.49                      ,-0.04                     ,-19.46             ,0.06                        ,-19.54               ,6.24   ,-7.06             ,-0.08  ,-0.08  ,2.16             ,-12.59               ,-29.57            ,-7.28              ,10.69              ,25.59                ,-45.11                          ,-58.59                  ,9.82                    ,-2.33       ,81.63           ,-4.27                ,4.61                            ,5.38                       ,-73.34                       ,41.87           ,27.63                   ,13.44        ,21.92               ,23.22   ,3580                 ,32.28                     ,11.16   ,38.4                 ,19.76                        ,25.3              ,111.79               ,- -          ,10.98             ,-260.04      ,-2.05                           ,-1.84        ,13.44                      ,-0.27              ,99.7     ,103.45             ,-272.64                      ,-27.64        ,33.38                 ,23.29               ,-19.49     ,25.59                       ,-477.83        ,5.68                     ,-292.98                  ,20.08                          ,-6.79                 ,-163.8                      ,229.53                         ,10.64          ,-35.66         ,4.9                         ,-208.55                        ,-199.16             ,-6.79                ,24.81          ,-25.24               ,49.15                   ,-0.2105157844213865
15 ,2011 ,10.48                    ,5.97            ,13.7         ,22.94                       ,28.91                  ,-10.14                  ,-19.62                      ,-9.0          ,2.23                        ,0.69                      ,1.53               ,0.71                        ,1.51                 ,-2.54  ,-11.78            ,-10.14 ,-10.14 ,2.92             ,-18.66               ,-7.47             ,9.26               ,9.23               ,15.99                ,48.54                           ,86.74                   ,6.96                    ,3.0         ,-27.57          ,6.5                  ,-1.22                           ,3.7                        ,25.22                        ,-2.13           ,-1.71                   ,1.37         ,13.69               ,-47.23  ,-5.16                ,-10.32                    ,-3.86   ,14.32                ,2.77                         ,-3.34             ,12.26                ,12.26        ,10.46             ,90.01        ,9.16                            ,9.12         ,1.37                       ,1.51               ,-43.67   ,-48.38             ,-81.08                       ,18.76         ,-7.28                 ,1.11                ,2.2        ,15.99                       ,44.8           ,-1.18                    ,-99.84                   ,2.68                           ,46.93                 ,262.96                      ,-102.14                        ,9.98           ,-124.12        ,-91.12                      ,453.76                         ,-170.65             ,46.93                ,-3.14          ,10.94                ,0.44                    ,0.217793962660066
16 ,2012 ,2.63                     ,-2.71           ,6.19         ,-5.46                       ,-10.0                  ,45.57                   ,281.56                      ,20.47         ,26.09                       ,1.16                      ,24.65              ,1.6                         ,24.11                ,26.83  ,23.58             ,45.57  ,45.57  ,3.47             ,41.83                ,22.86             ,2.63               ,7.09               ,-8.56                ,87.39                           ,58.56                   ,-0.92                   ,15.47       ,0.85            ,31.78                ,2.4                             ,5.06                       ,-27.66                       ,-2.41           ,-1.63                   ,11.54        ,0.41                ,-29.16  ,-100                 ,-14.21                    ,50.21   ,10.03                ,33.9                         ,13.07             ,19.74                ,19.74        ,15.51             ,38.37        ,9.33                            ,9.33         ,11.54                      ,0.4                ,12.46    ,2.87               ,-269.13                      ,53.61         ,6.03                  ,- -                 ,26.12      ,-8.56                       ,102.83         ,13.2                     ,-174404.87               ,3.84                           ,20.37                 ,-668.23                     ,-2431.5                        ,8.33           ,-1623.81       ,2970.16                     ,-111.89                        ,23.13               ,20.37                ,0.54           ,9.4                  ,-17.65                  ,0.0688939012883749
17 ,2013 ,-45.21                   ,-33.6           ,-52.3        ,-42.48                      ,-66.4                  ,-68.6                   ,-94.88                      ,-59.75        ,-60.04                      ,-1.08                     ,-56.33             ,-1.13                       ,-56.31               ,-61.03 ,-28.87            ,-57.52 ,-68.6  ,-12.94           ,-42.7                ,-21.16            ,-27.74             ,-71.99             ,-71.58               ,-46.63                          ,-67.83                  ,-47.64                  ,-28.99      ,-5.76           ,-38.55               ,-26.76                          ,-32.01                     ,-56.51                       ,-35.88          ,-33.99                  ,-36.12       ,-45.38              ,32.72   ,-7720100             ,-28.41                    ,-81.27  ,-47.1                ,-69.87                       ,-56.25            ,2.5                  ,2.5          ,-8.99             ,-44.01       ,-5.8                            ,-5.77        ,-36.12                     ,-1.81              ,-68.1    ,-66.15             ,522.07                       ,-14.16        ,37.44                 ,-24.18              ,-56.8      ,-38.24                      ,-89.04         ,-39.51                   ,-33.49                   ,-64.31                         ,-36.22                ,-27.32                      ,-35.39                         ,-72.29         ,-99.94         ,-32.11                      ,-1035.07                       ,-284.87             ,-36.22               ,-71.02         ,207.47               ,-17.39                  ,-0.0564462899771158
18 ,2014 ,-7.33                    ,-8.19           ,-6.6         ,-5.85                       ,-7.37                  ,-1.14                   ,-25.0                       ,-0.12         ,-27.78                      ,-2.7                      ,-8.88              ,-2.99                       ,-8.61                ,-4.62  ,2.92              ,0.98   ,-1.14  ,0.79             ,6.68                 ,-4.32             ,-16.96             ,56.37              ,-29.84               ,-44.92                          ,16.92                   ,-10.04                  ,-1.86       ,2.28            ,-20.71               ,0.51                            ,-1.85                      ,92.44                        ,12.26           ,9.74                    ,-3.91        ,-8.96               ,39.84   ,76.17                ,10.78                     ,0.59    ,18.89                ,11.31                        ,11.03             ,2.78                 ,2.78         ,4.07              ,151.14       ,-14.48                          ,-14.36       ,-3.91                      ,-2.59              ,22.55    ,43.1               ,-39.58                       ,-28.43        ,-15.82                ,11.59               ,-11.34     ,-9.95                       ,25.19          ,-6.11                    ,-60.39                   ,10.56                          ,-5.94                 ,-285.03                     ,-94.86                         ,52.15          ,- -            ,36.76                       ,-59.05                         ,-110.01             ,-5.94                ,19.23          ,8.64                 ,24.69                   ,0.0869306089514012
19 ,2015 ,0.78                     ,-5.11           ,5.7          ,3.91                        ,4.46                   ,10.31                   ,-490.12                     ,26.41         ,51.42                       ,-1.32                     ,96.24              ,-1.38                       ,96.35                ,4.63   ,3.82              ,4.06   ,10.31  ,4.88             ,9.46                 ,92.15             ,4.87               ,8.96               ,8.29                 ,37.33                           ,23.09                   ,-4.68                   ,-1.66       ,-55.97          ,-7.25                ,-3.45                           ,-1.97                      ,1664.63                      ,-12.74          ,4.14                    ,-0.07        ,4.95                ,-29.46  ,-45.15               ,-12.78                    ,72.27   ,-14.61               ,17.92                        ,1.45              ,2.83                 ,2.83         ,12.6              ,31.76        ,-1.46                           ,-1.45        ,-0.07                      ,-2.35              ,5.76     ,7.32               ,9.45                         ,6.34          ,-3.97                 ,-3.9                ,-30.69     ,-4.91                       ,-79.88         ,18.7                     ,-68.16                   ,-19.29                         ,3.06                  ,-119.94                     ,-300.99                        ,7.53           ,27511.11       ,1.91                        ,-18.45                         ,55.4                ,3.06                 ,-28.56         ,13.5                 ,-58.32                  ,0.0259837067638704
20 ,2016 ,2.2                      ,3.17            ,1.47         ,-1.67                       ,1.21                   ,11.09                   ,-660.76                     ,-55.61        ,-59.21                      ,-1.27                     ,-67.94             ,-1.53                       ,-67.86               ,4.59   ,2.34              ,6.69   ,11.09  ,-0.71            ,8.71                 ,-69.03            ,0.83               ,8.02               ,-8.49                ,206.53                          ,272.33                  ,-4.97                   ,-6.35       ,15.2            ,89.16                ,-0.44                           ,-0.14                      ,-27.07                       ,-0.48           ,-4.44                   ,27.68        ,-10.43              ,-57.67  ,-34.32               ,-27.5                     ,252.26  ,-5.26                ,135.58                       ,60.38             ,2.3                  ,2.3          ,-0.75             ,9.09         ,-3.17                           ,-2.86        ,27.68                      ,0.01               ,-15.35   ,-12.86             ,-10.69                       ,160.91        ,-10.58                ,1.35                ,-13.14     ,-8.08                       ,2867.16        ,6.16                     ,869.87                   ,7.99                           ,0.99                  ,-207.92                     ,-161.08                        ,6.65           ,500.97         ,-76.67                      ,-598.52                        ,1141.37             ,0.99                 ,12.18          ,-21.13               ,241.17                  ,-0.2185571668322355
21 ,2017 ,31.35                    ,36.71           ,27.26        ,36.65                       ,57.17                  ,-45.81                  ,-128.5                      ,57.89         ,-66.79                      ,17.81                     ,-71.08             ,17.94                       ,-71.11               ,4.61   ,-20.36            ,-30.49 ,-45.81 ,-3.12            ,-58.74               ,-74.06            ,-0.49              ,1.98               ,259.09               ,-48.81                          ,-49.48                  ,61.61                   ,47.95       ,-27.25          ,-24.76               ,33.34                           ,23.44                      ,-70.04                       ,176.21          ,116.7                   ,44.78        ,61.06               ,-46.11  ,- -                  ,33.81                     ,31.57   ,95.96                ,43.3                         ,41.33             ,78.14                ,78.14        ,-6.21             ,-16.54       ,50.44                           ,50.11        ,44.78                      ,18.38              ,446.87   ,264.32             ,-322.82                      ,-43.77        ,-14.16                ,32                  ,-65.31     ,123.28                      ,-92.1          ,30.97                    ,-226.57                  ,73.9                           ,1.25                  ,-109.14                     ,3778.23                        ,20.14          ,-54.85         ,-77.59                      ,-147.38                        ,-166.15             ,1.25                 ,113.02         ,14.29                ,410.4                   ,0.3260829872807522
22 ,2018 ,11.64                    ,2.99            ,18.73        ,6.88                        ,2.91                   ,111.47                  ,-253.86                     ,28.78         ,561.19                      ,1.03                      ,391.35             ,1.2                         ,390.55               ,45.94  ,30.73             ,71.36  ,111.47 ,6.35             ,89.42                ,344.68            ,7.3                ,5.67               ,10.28                ,-57.48                          ,-59.14                  ,-1.28                   ,5.42        ,-7.05           ,-27.37               ,-0.58                           ,2.89                       ,1.59                         ,-7.42           ,-6.35                   ,-11.9        ,7.4                 ,-71.01  ,- -                  ,1.12                      ,-28.85  ,-10.52               ,-24.29                       ,-19.27            ,1.32                 ,1.32         ,2.43              ,25.14        ,-1.21                           ,-1.21        ,-11.9                      ,0.69               ,-15.09   ,-14.06             ,-1.85                        ,-28.18        ,-5.2                  ,4.04                ,396.44     ,8.51                        ,410.83         ,17.49                    ,-107.73                  ,13.11                          ,22.82                 ,-28.4                       ,-85.9                          ,6.76           ,-40.54         ,103.42                      ,96.76                          ,-41.61              ,22.82                ,10.62          ,9.58                 ,-77.22                  ,0.3529912650947017
23 ,2019 ,4.34                     ,4.13            ,4.48         ,0.22                        ,6.09                   ,24.16                   ,-41.44                      ,41.91         ,57.97                       ,0.57                      ,54.82              ,0.62                        ,54.74                ,8.92   ,4.39              ,18.11  ,24.16  ,0.14             ,19.0                 ,49.23             ,0.44               ,14.34              ,-11.11               ,1.32                            ,0.42                    ,4.69                    ,13.7        ,13.9            ,7.07                 ,6.28                            ,6.96                       ,-1.56                        ,-1.77           ,-0.61                   ,1.06         ,6.59                ,614.01  ,- -                  ,20.54                     ,-10.04  ,2.81                 ,-6.25                        ,0.37              ,-49.27               ,1.45         ,5.24              ,11.59        ,1.85                            ,1.88         ,1.06                       ,0.39               ,-9.18    ,-10.86             ,-29.83                       ,-11.17        ,-2.72                 ,3.88                ,55.7       ,-8.05                       ,-4.49          ,8.81                     ,799.32                   ,-2.6                           ,17.5                  ,41.38                       ,33.85                          ,14.99          ,-54.05         ,201.68                      ,-58.72                         ,-100.59             ,17.5                 ,-8.32          ,20.36                ,-37.45                  ,-0.0679791116918953
24 ,2020 ,8.48                     ,13.39           ,4.99         ,-0.71                       ,-0.82                  ,18.2                    ,-14.51                      ,21.85         ,21.26                       ,0.28                      ,21.57              ,0.28                        ,21.57                ,15.08  ,6.09              ,16.79  ,18.2   ,-3.21            ,8.97                 ,12.39             ,6.49               ,12.46              ,10.12                ,72.66                           ,77.15                   ,18.23                   ,16.13       ,4.54            ,30.47                ,12.33                           ,11.87                      ,-7.02                        ,-2.41           ,-0.22                   ,6.87         ,24.53               ,-85.12  ,- -                  ,9.61                      ,11.56   ,-1.18                ,7.44                         ,8.09              ,1.22                 ,1.22         ,6.89              ,5.68         ,5.46                            ,5.44         ,6.87                       ,0.5                ,-16.6    ,-20.9              ,-49.62                       ,19.03         ,2.56                  ,1.87                ,21.91      ,10.38                       ,26.76          ,5.2                      ,-32.98                   ,28.76                          ,32.91                 ,-10.98                      ,22.04                          ,12.78          ,-30.46         ,-43.87                      ,-35.21                         ,8984.38             ,32.91                ,27.26          ,-3.27                ,5.62                    ,0.1178181514001486
25 ,2021 ,24.47                    ,23.56           ,25.16        ,16.79                       ,13.31                  ,57.27                   ,-44.99                      ,65.28         ,58.15                       ,0.11                      ,57.13              ,0.17                        ,57.04                ,37.76  ,10.68             ,51.34  ,57.27  ,0.56             ,26.36                ,26.39             ,20.06              ,24.94              ,-3.99                ,43.38                           ,43.3                    ,1.14                    ,2.89        ,25.66           ,18.58                ,-0.78                           ,3.04                       ,-0.61                        ,-2.54           ,-2.21                   ,3.65         ,5.68                ,242.73  ,- -                  ,10.06                     ,-6.06   ,-4.8                 ,-5.68                        ,-0.94             ,1.35                 ,1.35         ,14.12             ,-6.39        ,9.21                            ,9.15         ,3.65                       ,-0.4               ,-30.72   ,-36.53             ,-100.85                      ,7.74          ,-20.66                ,3.67                ,57.31      ,6.34                        ,-28.42         ,17.22                    ,-13.57                   ,33.31                          ,-13.41                ,31.51                       ,-9.35                          ,25.08          ,-99.69         ,470.47                      ,97.7                           ,4.27                ,-13.41               ,51.08          ,5.97                 ,-15.25                  ,0.0363559231937149
26 ,2022 ,1.34                     ,3.26            ,-0.11        ,-0.67                       ,5.32                   ,-0.75                   ,-73.83                      ,1.16          ,-1.95                       ,-1.24                     ,-0.72              ,-1.4                        ,-0.56                ,-2.79  ,-4.08             ,-3.03  ,-0.75  ,-1.43            ,-2.06                ,-3.25             ,-0.42              ,4.64               ,-1.66                ,-0.77                           ,0.85                    ,36.9                    ,19.7        ,- -             ,4.06                 ,2.27                            ,4.38                       ,-6.13                        ,-4.6            ,-3.42                   ,-1.01        ,7.18                ,198.54  ,- -                  ,18.19                     ,-15.27  ,-15.82               ,-15.43                       ,-4.18             ,0.98                 ,0.98         ,11.83             ,-3.86        ,2.47                            ,2.45         ,-1.01                      ,-1.49              ,-16.48   ,-18.48             ,6341.28                      ,-11.95        ,8.68                  ,1.77                ,-1.95      ,-7.66                       ,29.5           ,7.03                     ,97.02                    ,-9.04                          ,-5.73                 ,-65.62                      ,-13.35                         ,3.34           ,75             ,65.07                       ,38.99                          ,-93.24              ,-5.73                ,-9.76          ,-16.05               ,-7.23                   ,-0.0123906217715344
27 ,2023 ,-8.12                    ,-6.1            ,-9.7         ,-2.66                       ,-5.09                  ,-22.53                  ,-432.14                     ,-19.77        ,-17.45                      ,-0.74                     ,-16.84             ,-0.85                       ,-16.74               ,-16.41 ,-9.02             ,-32.63 ,-22.53 ,-1.72            ,-15.69               ,-10.16            ,-7.31              ,8.27               ,61.1                 ,-28.43                          ,-30.22                  ,-0.68                   ,6.43        ,- -             ,-10.13               ,10.83                           ,8.51                       ,4.31                         ,0.78            ,2.7                     ,-1.64        ,-3.6                ,-52.02  ,- -                  ,-10.64                    ,-5.93   ,-8.83                ,-6.8                         ,-8.38             ,0.65                 ,0.65         ,6.52              ,-2.63        ,5.23                            ,5.21         ,-1.64                      ,-0.21              ,12.94    ,7.35               ,75.39                        ,0.58          ,24.64                 ,-0.87               ,-17.45     ,-0.73                       ,-14.44         ,-5.99                    ,62.94                    ,-24.21                         ,23.92                 ,251.52                      ,80.06                          ,7.46           ,-71.43         ,-67.67                      ,-7.14                          ,-1545.37            ,23.92                ,-35.17         ,19.66                ,-8.19                   ,-0.2196987550157116
28 ,2010 ,28.99                    ,35.98           ,28.21        ,27.1                        ,20.38                  ,38.89                   ,141.92                      ,34.44         ,100.43                      ,-1.03                     ,102.53             ,-0.9                        ,102.25               ,29.08  ,0.06              ,31.22  ,38.89  ,-0.61            ,7.67                 ,55.38             ,22.53              ,- -                ,0.8                  ,29.59                           ,-24.97                  ,34.91                   ,- -         ,22.39           ,30.01                ,15.65                           ,17.23                      ,- -                          ,1.96            ,2.99                    ,12.2         ,20.53               ,- -     ,35.22                ,26.47                     ,20.11   ,27.94                ,21.56                        ,23.29             ,4.0                  ,- -          ,12.85             ,-28.71       ,6.75                            ,6.75         ,12.2                       ,-3.97              ,192.9    ,174.39             ,1.52                         ,2.8           ,-75.26                ,5.28                ,100.43     ,3.65                        ,-74.32         ,37.9                     ,-112.36                  ,-0.43                          ,41.85                 ,-509.36                     ,-22.56                         ,- -            ,129.76         ,316.99                      ,-145.07                        ,-365.99             ,41.85                ,-5.49          ,-24.12               ,-50.32                  ,-0.29095922912453
29 ,2011 ,10.95                    ,8.52            ,11.24        ,10.61                       ,8.48                   ,17.78                   ,121.13                      ,9.76          ,7.51                        ,-4.16                     ,12.17              ,-4.17                       ,12.18                ,12.08  ,1.02              ,15.16  ,17.78  ,0.26             ,6.15                 ,-3.11             ,1.92               ,- -                ,-40.62               ,17.98                           ,31.95                   ,14.44                   ,- -         ,16.35           ,17.27                ,17.59                           ,18.46                      ,- -                          ,5.05            ,5.98                    ,10.44        ,12.77               ,4.69    ,25.12                ,17.1                      ,-0.57   ,23.21                ,4.07                         ,8.79              ,12.03                ,- -          ,9.16              ,71.85        ,11.38                           ,11.38        ,10.44                      ,-2.06              ,-32.49   ,-39.39             ,11.67                        ,0.14          ,62.94                 ,8.86                ,7.51       ,-7.7                        ,431.5          ,23.81                    ,-443.3                   ,38.66                          ,23.96                 ,-65.25                      ,-34.67                         ,- -            ,- -            ,-22.58                      ,155.67                         ,-190.06             ,23.96                ,41.31          ,-32.84               ,28.98                   ,-0.0815146276924088
30 ,2012 ,4.45                     ,10.48           ,3.75         ,8.37                        ,0.65                   ,-1.65                   ,-63.87                      ,8.07          ,-0.01                       ,-0.55                     ,0.54               ,-0.24                       ,0.23                 ,0.67   ,-3.62             ,0.28   ,-1.65  ,-0.67            ,-5.84                ,-4.26             ,-6.98              ,- -                ,13.6                 ,21.52                           ,44.02                   ,-2.7                    ,- -         ,-22.01          ,14.85                ,25.86                           ,21.23                      ,- -                          ,6.4             ,8.11                    ,10.94        ,-8.64               ,21.77   ,17.85                ,1.68                      ,-0.54   ,19.56                ,4.1                          ,3.16              ,10.34                ,- -          ,7.26              ,2.54         ,15.25                           ,15.25        ,10.94                      ,0.53               ,-86.06   ,-87.9              ,24.2                         ,12.95         ,-106.25               ,12.28               ,-0.01      ,10.94                       ,-1.63          ,4.33                     ,-86.61                   ,-2.83                          ,28.9                  ,-26.93                      ,10.2                           ,- -            ,-99.79         ,-57.16                      ,-57.35                         ,82.63               ,28.9                 ,-7.84          ,26.05                ,-2.83                   ,0.1988047707847313
31 ,2013 ,-7.91                    ,21.24           ,-11.51       ,9.71                        ,11.28                  ,-61.84                  ,59.16                       ,-68.17        ,-65.18                      ,1.34                      ,-65.64             ,2.14                        ,-65.91               ,-47.84 ,-43.36            ,-68.55 ,-61.84 ,-3.91            ,-58.56               ,-62.19            ,-13.38             ,- -                ,560.19               ,-10.3                           ,-41.44                  ,-2.82                   ,- -         ,54.95           ,-6.59                ,-119.3                          ,-52.83                     ,- -                          ,31.09           ,12.25                   ,4.07         ,5.2                 ,30.84   ,38.13                ,19.96                     ,0.16    ,16.66                ,4.54                         ,10.47             ,11.65                ,- -          ,-1.06             ,50.11        ,0.89                            ,0.89         ,4.07                       ,0.43               ,845.13   ,836.78             ,-28.21                       ,-22.14        ,4798.11               ,6.31                ,-65.18     ,7.16                        ,-3.97          ,5.08                     ,1802.38                  ,-23.2                          ,-30.51                ,-686.4                      ,41.11                          ,- -            ,715.45         ,154.2                       ,138.21                         ,-236.04             ,-30.51               ,-21.59         ,125.47               ,120.55                  ,0.2931594942651225
32 ,2014 ,2.26                     ,6.06            ,1.62         ,3.48                        ,2.14                   ,-8.05                   ,-23.51                      ,-4.01         ,-12.56                      ,-0.7                      ,-11.95             ,-0.97                       ,-11.71               ,-5.68  ,-7.77             ,-8.05  ,-8.05  ,-0.63            ,-10.08               ,-14.5             ,-3.07              ,- -                ,-2.38                ,17.83                           ,33.89                   ,-1.34                   ,- -         ,-0.37           ,13.76                ,0.56                            ,19.0                       ,-61.19                       ,-0.37           ,-2.38                   ,3.91         ,10.05               ,4010.31 ,41.57                ,64.55                     ,-39.23  ,-4.28                ,-28.88                       ,10.11             ,11.37                ,- -          ,-0.28             ,-117.56      ,0.54                            ,0.54         ,3.91                       ,0.25               ,-41.58   ,-41.89             ,4.15                         ,-30.87        ,-29.08                ,5.5                 ,-12.56     ,-2.38                       ,-2.59          ,6.39                     ,95.41                    ,11.81                          ,-21.25                ,14.01                       ,-58.34                         ,- -            ,- -            ,-37.89                      ,-9.24                          ,-149.46             ,-21.25               ,18.27          ,18.57                ,27.87                   ,0.100188445890853
33 ,2015 ,15.64                    ,19.65           ,14.93        ,- -                         ,2.18                   ,119.01                  ,-56.63                      ,155.58        ,148.29                      ,0.18                      ,147.85             ,-0.26                       ,148.94               ,71.21  ,48.06             ,119.01 ,119.01 ,-0.61            ,89.39                ,114.72            ,4.03               ,- -                ,8.25                 ,6.65                            ,-21.55                  ,13.55                   ,- -         ,-40.37          ,4.76                 ,42.56                           ,0.29                       ,- -                          ,12.45           ,11.66                   ,8.72         ,-3.7                ,- -     ,30.63                ,-11.83                    ,109.34  ,0.07                 ,65.79                        ,17.38             ,10.76                ,- -          ,4.98              ,1988.95      ,3.56                            ,3.56         ,8.72                       ,0.07               ,159.67   ,150.74             ,-31.45                       ,18.82         ,-40.32                ,11.15               ,148.29     ,8.25                        ,-8.51          ,0.64                     ,-49.53                   ,14.12                          ,24.68                 ,-38.77                      ,203.31                         ,- -            ,3748.89        ,23.8                        ,-60.45                         ,-175.84             ,24.68                ,12.75          ,9.16                 ,-54.04                  ,0.2994256448642081
34 ,2016 ,22.08                    ,10.16           ,24.27        ,12.31                       ,13.13                  ,64.94                   ,84.48                       ,64.24         ,85.65                       ,-0.08                     ,85.81              ,-0.56                       ,86.71                ,46.58  ,20.07             ,64.94  ,64.94  ,1.79             ,35.1                 ,52.07             ,7.99               ,- -                ,-2.34                ,19.39                           ,15.37                   ,23.96                   ,- -         ,51.69           ,21.11                ,59.81                           ,3.66                       ,- -                          ,1.04            ,-0.54                   ,8.36         ,11.12               ,- -     ,35.66                ,27.02                     ,-0.27   ,-5.88                ,-1.62                        ,11.8              ,10.31                ,- -          ,11.87             ,2.67         ,6.05                            ,6.05         ,8.36                       ,-0.67              ,-13.58   ,-18.5              ,21.14                        ,-4.65         ,-22.45                ,13.05               ,85.65      ,-2.34                       ,15.67          ,4.19                     ,77.38                    ,49.69                          ,10.2                  ,7.36                        ,-35.5                          ,- -            ,- -            ,101.7                       ,443.49                         ,-167.86             ,10.2                 ,55.38          ,-22.24               ,-19.37                  ,0.0005619967961354
35 ,2017 ,24.72                    ,23.24           ,24.96        ,13.44                       ,25.42                  ,45.31                   ,-46.53                      ,48.95         ,44.93                       ,-0.95                     ,46.32              ,-0.63                       ,45.85                ,36.77  ,9.66              ,45.31  ,45.31  ,0.19             ,16.51                ,16.21             ,8.99               ,- -                ,-1.67                ,22.23                           ,128.03                  ,46.21                   ,- -         ,-14.41          ,24.11                ,12.21                           ,14.79                      ,- -                          ,7.58            ,6.12                    ,14.39        ,29.5                ,- -     ,23.66                ,25.46                     ,-1.09   ,17.28                ,3.14                         ,15.02             ,10.09                ,- -          ,17.98             ,-35.59       ,13.94                           ,13.94        ,14.39                      ,-0.65              ,-147.67  ,-141.84            ,16.12                        ,-1.07         ,126.72                ,14.43               ,44.93      ,-1.67                       ,26.31          ,29.02                    ,29.04                    ,32.42                          ,-12.6                 ,126.9                       ,-53.87                         ,- -            ,- -            ,1.33                        ,8.53                           ,763.31              ,-12.6                ,37.02          ,35.32                ,-8.63                   ,0.5079859755376148
36 ,2018 ,23.67                    ,18.26           ,24.54        ,19.25                       ,25.63                  ,31.01                   ,52.67                       ,30.7          ,52.94                       ,-0.53                     ,53.76              ,-0.62                       ,53.9                 ,27.78  ,3.32              ,31.01  ,31.01  ,0.7              ,5.93                 ,23.67             ,4.08               ,- -                ,6.29                 ,-44.52                          ,-28.76                  ,8.01                    ,- -         ,48.76           ,-32.99               ,0.37                            ,14.74                      ,- -                          ,86.97           ,90.89                   ,29.12        ,23.51               ,- -     ,21.2                 ,21.93                     ,119.24  ,47.06                ,100.35                       ,54.82             ,11.87                ,- -          ,23.42             ,32.47        ,10.66                           ,10.66        ,29.12                      ,-0.73              ,-684.49  ,-628.16            ,-298.67                      ,-45.04        ,-63.53                ,18.83               ,52.94      ,6.29                        ,35.5           ,33.67                    ,9.14                     ,38.33                          ,49.66                 ,-9.64                       ,957.92                         ,- -            ,127.27         ,97.42                       ,-99.53                         ,-151.43             ,49.66                ,37.59          ,-2.69                ,-9.56                   ,0.353402034705563
37 ,2019 ,23.71                    ,39.98           ,21.23        ,22.56                       ,25.52                  ,15.06                   ,36.32                       ,14.71         ,13.92                       ,-1.02                     ,15.09              ,-1.2                        ,15.31                ,22.15  ,-1.26             ,15.06  ,15.06  ,-2.01            ,-6.99                ,-7.91             ,16.73              ,- -                ,80.31                ,29.36                           ,61.33                   ,16.66                   ,- -         ,150.61          ,33.72                ,-16.67                          ,20.27                      ,- -                          ,2.11            ,2.56                    ,10.62        ,20.1                ,422.08  ,15.84                ,90.44                     ,-76.02  ,7.32                 ,-60.02                       ,8.78              ,14.41                ,- -          ,25.5              ,26.94        ,12.48                           ,12.48        ,10.62                      ,-1.09              ,-40.05   ,-46.7              ,-58.07                       ,-29.78        ,-37.5                 ,5.98                ,13.92      ,80.31                       ,22.48          ,30.53                    ,-78.47                   ,9.73                           ,25.28                 ,-71.25                      ,-90.29                         ,- -            ,- -            ,35.4                        ,52810.27                       ,-254.21             ,25.28                ,8.63           ,10.04                ,-3.68                   ,0.1690074410949691
38 ,2020 ,15.19                    ,2.95            ,17.34        ,10.52                       ,13.35                  ,29.65                   ,-3.76                       ,30.31         ,78.22                       ,-1.03                     ,80.07              ,-1.42                       ,80.79                ,28.29  ,11.37             ,29.65  ,29.65  ,1.87             ,12.55                ,54.72             ,15.79              ,- -                ,21.17                ,43.45                           ,68.97                   ,-8.91                   ,- -         ,-3.47           ,25.42                ,-298.1                          ,54.99                      ,- -                          ,7.21            ,13.11                   ,16.96        ,7.66                ,-97.08  ,7.43                 ,-32.71                    ,366.77  ,-15.24               ,169.83                       ,7.7               ,13.1                 ,- -          ,32.25             ,-15.97       ,25.96                           ,25.96        ,16.96                      ,-0.69              ,-124.26  ,-119.26            ,-142.37                      ,86.38         ,-484.99               ,-0.52               ,78.22      ,21.17                       ,-164.32        ,15.4                     ,77.1                     ,29.53                          ,25.46                 ,59.62                       ,-9.03                          ,- -            ,39.84          ,10.45                       ,18.4                           ,78.89               ,25.46                ,29.86          ,18.66                ,-27.32                  ,0.3537989893856543
39 ,2021 ,22.67                    ,8.3             ,24.89        ,18.58                       ,16.09                  ,36.94                   ,59.02                       ,36.61         ,-8.33                       ,-0.83                     ,-7.56              ,-0.82                       ,-7.56                ,31.96  ,7.57              ,36.94  ,36.94  ,1.81             ,11.63                ,-25.27            ,6.28               ,- -                ,4.1                  ,-3.24                           ,-14.16                  ,34.33                   ,- -         ,28.97           ,6.2                  ,21.79                           ,5.59                       ,- -                          ,14.96           ,15.19                   ,12.18        ,17.36               ,5.43    ,30.42                ,25.76                     ,-0.87   ,4.93                 ,0.07                         ,12.92             ,14.56                ,- -          ,21.9              ,-13.29       ,11.56                           ,11.56        ,12.18                      ,-0.84              ,-177.29  ,-169.28            ,-78.88                       ,-15.56        ,73.32                 ,15.42               ,-8.33      ,4.1                         ,-378.99        ,17.6                     ,53.23                    ,26.12                          ,-21.24                ,-158.28                     ,750.0                          ,- -            ,- -            ,31.62                       ,23.31                          ,-132.71             ,-21.24               ,29.86          ,15.54                ,37.58                   ,-0.1350795039156394
40 ,2022 ,11.54                    ,16.09           ,10.93        ,14.45                       ,17.6                   ,5.1                     ,-7.22                       ,5.31          ,-1.37                       ,-1.47                     ,0.1                ,-2.08                       ,0.73                 ,5.52   ,-5.39             ,5.1    ,5.1    ,-0.55            ,-5.77                ,-11.57            ,-0.87              ,- -                ,8.63                 ,5.14                            ,10.2                    ,9.96                    ,- -         ,-14.36          ,3.99                 ,12.18                           ,9.4                        ,- -                          ,-2.8            ,-2.26                   ,-0.28        ,6.76                ,505.15  ,11.92                ,17.25                     ,-11.58  ,0.43                 ,-9.54                        ,5.38              ,17.09                ,- -          ,18.46             ,113.87       ,-5.04                           ,-5.04        ,-0.28                      ,-2.74              ,-138.35  ,-140.39            ,-170.99                      ,-11.31        ,-23.11                ,12.51               ,-1.37      ,8.63                        ,42.32          ,34.71                    ,17.89                    ,8.51                           ,33.94                 ,-99.61                      ,-83.8                          ,- -            ,- -            ,71.41                       ,58.68                          ,-174.2              ,33.94                ,7.3            ,-57.48               ,10.02                   ,-0.2121071911826775
41 ,2023 ,10.24                    ,8.73            ,10.45        ,9.33                        ,16.27                  ,9.05                    ,-265.56                     ,13.17         ,14.13                       ,-2.77                     ,17.38              ,-2.55                       ,17.11                ,8.17   ,-1.88             ,9.05   ,9.05   ,0.19             ,-1.08                ,3.53              ,7.64               ,- -                ,1.87                 ,28.64                           ,68.58                   ,7.7                     ,- -         ,21.92           ,23.21                ,220.11                          ,77.93                      ,- -                          ,-6.41           ,2.9                     ,9.62         ,-24.47              ,-87.56  ,22.39                ,1.51                      ,-0.96   ,6.7                  ,0.48                         ,1.12              ,17.41                ,- -          ,17.75             ,-2.73        ,17.56                           ,17.56        ,9.62                       ,-1.52              ,3177.57  ,2688.06            ,-1254.8                      ,21.37         ,-22.89                ,2.41                ,14.13      ,1.87                        ,-28.2          ,19.31                    ,-205.65                  ,-6.84                          ,-18.55                ,-56900.0                    ,-236.14                        ,- -            ,- -            ,-34.85                      ,-24.07                         ,553.72              ,-18.55               ,-6.14          ,99.6                 ,-18.37                  ,0.5304937848504878
42 ,2010 ,-25.22                   ,-30.02          ,-10.92       ,-0.68                       ,- -                    ,-37.53                  ,-34.78                      ,-37.79        ,-36.27                      ,33.4                      ,2.99               ,33.9                        ,2.61                 ,-38.22 ,-17.38            ,-37.53 ,-37.53 ,19.11            ,-16.46               ,83.72             ,15.05              ,-13.48             ,-39.56               ,55.83                           ,55.83                   ,-16.14                  ,-31.75      ,322.67          ,21.08                ,-37.33                          ,-47.23                     ,- -                          ,27.85           ,4.71                    ,11.08        ,-7.65               ,-11.85  ,71.81                ,9.26                      ,4.44    ,16.31                ,11.87                        ,10.72             ,2.4                  ,45.32        ,23.73             ,-0.65        ,14.36                           ,11.6         ,11.08                      ,0.69               ,-19.67   ,-28.02             ,199.06                       ,10.82         ,207.72                ,-35                 ,-36.27     ,-39.56                      ,-108.16        ,- -                      ,-140.69                  ,-53.36                         ,25.29                 ,-48.31                      ,-43.16                         ,15.42          ,- -            ,- -                         ,-85.68                         ,3.9                 ,25.29                ,-68.3          ,205.94               ,-66.06                  ,0.2096761597034837
43 ,2011 ,14.85                    ,14.82           ,14.93        ,2.39                        ,- -                    ,70.7                    ,-389.33                     ,117.07        ,94.75                       ,0.82                      ,171.45             ,0.89                        ,171.26               ,52.24  ,32.55             ,70.7   ,70.7   ,0.07             ,48.62                ,138.29            ,12.69              ,11.23              ,15.2                 ,426.32                          ,289.74                  ,17.59                   ,14.71       ,-85.46          ,34.9                 ,22.02                           ,16.97                      ,- -                          ,-13.85          ,-6.23                   ,11.22        ,27.12               ,- -     ,-59.58               ,-3.15                     ,82.76   ,-33.47               ,7.13                         ,2.65              ,-0.56                ,-1.16        ,61.45             ,31.17        ,23.19                           ,23.19        ,11.22                      ,-0.01              ,-101.27  ,-101.03            ,-28.58                       ,39.28         ,-106.07               ,1.92                ,94.75      ,15.2                        ,-260.68        ,- -                      ,77.32                    ,-55.93                         ,- -                   ,- -                         ,-294.44                        ,12.15          ,4276           ,- -                         ,-1120.38                       ,708.69              ,- -                  ,-97.9          ,74.73                ,-83.9                   ,0.069028565543628
44 ,2012 ,13.38                    ,7.46            ,27.19        ,20.84                       ,- -                    ,44.13                   ,48.85                       ,44.77         ,46.22                       ,0.17                      ,-48.17             ,-0.04                       ,-48.06               ,37.1   ,20.92             ,44.13  ,44.13  ,12.19            ,27.13                ,-54.21            ,10.26              ,19.65              ,16.17                ,-26.03                          ,-42.4                   ,15.47                   ,-2.97       ,20.39           ,-8.4                 ,9.64                            ,10.85                      ,- -                          ,-1.54           ,1.55                    ,-3.57        ,1.45                ,- -     ,-36.92               ,-4.02                     ,-49.19  ,15.55                ,-23.03                       ,-15.21            ,-0.01                ,-3.13        ,17.15             ,6.51         ,9.97                            ,9.97         ,-3.57                      ,0.84               ,1188.89  ,1071.99            ,47.05                        ,-4.56         ,1081.19               ,2.83                ,46.22      ,16.17                       ,38.83          ,- -                      ,-75.76                   ,161.45                         ,30.65                 ,-173.91                     ,-167.13                        ,19.86          ,- -            ,-6.38                       ,-258.24                        ,-157.04             ,30.65                ,4826.67        ,-23.0                ,403.63                  ,0.4610752164747025
45 ,2013 ,11.06                    ,7.2             ,18.68        ,16.43                       ,- -                    ,23.72                   ,-139.94                     ,1.11          ,4.37                        ,-0.3                      ,7.25               ,-0.34                       ,7.3                  ,20.66  ,8.64              ,23.72  ,23.72  ,6.86             ,11.4                 ,-3.72             ,6.19               ,28.7               ,9.34                 ,4.99                            ,42.64                   ,7.83                    ,18.36       ,21.62           ,8.89                 ,13.19                           ,11.49                      ,- -                          ,-2.18           ,2.41                    ,5.58         ,22.09               ,-23.66  ,0.86                 ,18.42                     ,-21.06  ,-15.22               ,-17.51                       ,-0.77             ,1.25                 ,99.87        ,14.86             ,-19.16       ,11.27                           ,11.27        ,5.58                       ,-1.28              ,713.79   ,631.35             ,23.99                        ,-8.05         ,-7.7                  ,4.59                ,4.37       ,9.34                        ,-207.66        ,- -                      ,-224.12                  ,94.44                          ,39.77                 ,-2850                       ,-90.55                         ,28.31          ,- -            ,235                         ,-37.83                         ,-157.91             ,39.77                ,146.14         ,-1.09                ,81.83                   ,0.4340449619071058
46 ,2014 ,9.39                     ,8.46            ,11.05        ,9.08                        ,- -                    ,15.2                    ,-96.12                      ,21.28         ,22.45                       ,-1.98                     ,24.93              ,-1.94                       ,24.87                ,12.3   ,2.66              ,15.2   ,15.2   ,1.52             ,5.32                 ,11.94             ,0.57               ,30.28              ,0.17                 ,11.5                            ,-16.1                   ,3.64                    ,7.7         ,38.37           ,9.41                 ,9.3                             ,7.53                       ,- -                          ,-3.27           ,0.88                    ,5.18         ,3.62                ,-3.52   ,-9.42                ,2.42                      ,18.23   ,8.33                 ,12.06                        ,6.7               ,1.37                 ,-0.2         ,15.61             ,4.98         ,3.96                            ,3.96         ,5.18                       ,-2.02              ,-49.36   ,-51.29             ,3.71                         ,6.82          ,-8.04                 ,8.77                ,22.45      ,0.17                        ,2.14           ,2.86                     ,-226.32                  ,-5.62                          ,-11.87                ,-228.24                     ,2412.2                         ,27.7           ,-84.37         ,40.84                       ,-24.37                         ,-153.87             ,-11.87               ,-2.25          ,11.18                ,-22.92                  ,-0.0550571994819881
47 ,2015 ,7.66                     ,2.0             ,17.51        ,6.75                        ,- -                    ,38.96                   ,-780.0                      ,40.39         ,36.14                       ,-1.64                     ,38.41              ,-1.63                       ,38.4                 ,33.17  ,23.69             ,38.96  ,38.96  ,9.15             ,29.07                ,26.45             ,-0.37              ,26.71              ,5.35                 ,19.06                           ,1.31                    ,5.47                    ,7.01        ,-8.14           ,10.33                ,3.51                            ,6.24                       ,- -                          ,-2.62           ,-0.43                   ,5.22         ,8.63                ,-5.84   ,3.31                 ,7.93                      ,12.38   ,-1.19                ,4.2                          ,6.19              ,2.3                  ,-0.07        ,18.95             ,15.22        ,4.42                            ,4.42         ,5.22                       ,-1.62              ,-21.97   ,-25.27             ,4.24                         ,2.23          ,-8.03                 ,8.06                ,36.14      ,5.35                        ,-97.56         ,-18.52                   ,-96.79                   ,30.5                           ,-15.56                ,-5.42                       ,-9.66                          ,24.63          ,-17.84         ,23.41                       ,29.28                          ,-106.85             ,-15.56               ,52.81          ,12.85                ,-4.14                   ,0.380767989322661
48 ,2016 ,5.89                     ,2.61            ,10.84        ,7.89                        ,- -                    ,15.36                   ,-38.24                      ,14.91         ,15.41                       ,-1.64                     ,17.33              ,-1.22                       ,16.84                ,13.72  ,7.39              ,15.36  ,15.36  ,4.68             ,8.94                 ,8.99              ,-8.46              ,26.26              ,3.33                 ,16.96                           ,2.1                     ,3.45                    ,12.65       ,-56.18          ,7.33                 ,4.34                            ,7.58                       ,- -                          ,15.85           ,11.57                   ,9.24         ,19.66               ,-44.19  ,1.83                 ,17.21                     ,34.01   ,-6.73                ,10.73                        ,14.24             ,1.06                 ,99.86        ,17.94             ,15.89        ,5.06                            ,5.06         ,9.24                       ,-1.4               ,-90.88   ,-91.32             ,-9.38                        ,-8.43         ,-38.04                ,15.67               ,15.41      ,3.33                        ,1242.86        ,6.82                     ,-4780.0                  ,29.67                          ,11                    ,13.49                       ,61.31                          ,24.19          ,163.7          ,5.54                        ,-9.41                          ,61.9                ,11                   ,34.67          ,-3.7                 ,12.36                   ,0.1553800785477654
49 ,2017 ,11.57                    ,12.22           ,10.67        ,9.0                         ,- -                    ,13.05                   ,-85.71                      ,12.61         ,-9.19                       ,-1.17                     ,-8.11              ,-1.26                       ,-8.03                ,12.39  ,0.73              ,13.05  ,13.05  ,-0.81            ,1.33                 ,-18.61            ,7.41               ,16.45              ,7.68                 ,8.67                            ,4.9                     ,15.37                   ,15.97       ,52.13           ,13.11                ,14.51                           ,13.68                      ,- -                          ,3.98            ,7.64                    ,10.59        ,3.17                ,4.17    ,- -                  ,2.99                      ,27.34   ,21.59                ,24.57                        ,12.56             ,1.11                 ,-0.1         ,12.53             ,-17.54       ,8.81                            ,8.81         ,10.59                      ,-1.03              ,-1038.24 ,-962.27            ,1.46                         ,9.83          ,6.22                  ,3.87                ,-9.19      ,7.68                        ,5.32           ,5.32                     ,-207.05                  ,-26.91                         ,16.73                 ,-83.84                      ,-47.34                         ,15.08          ,16.73          ,2.88                        ,8.95                           ,138.24              ,16.73                ,-36.54         ,59.78                ,-19.52                  ,0.113611058222828
50 ,2018 ,6.38                     ,7.08            ,5.39         ,4.96                        ,- -                    ,5.99                    ,1933.33                     ,7.1           ,49.81                       ,-1.2                      ,51.64              ,-1.38                       ,51.91                ,5.59   ,-0.75             ,5.99   ,5.99   ,-0.93            ,-0.36                ,40.83             ,5.08               ,35.79              ,2.57                 ,-21.34                          ,-25.07                  ,8.17                    ,4.64        ,-27.45          ,-7.26                ,2.1                             ,3.46                       ,- -                          ,-0.95           ,0.17                    ,-3.93        ,0.96                ,- -     ,-6.29                ,-0.41                     ,-45.05  ,-2.6                 ,-25.11                       ,-12.53            ,1.28                 ,-0.07        ,17.3              ,17.13        ,4.14                            ,4.14         ,-3.93                      ,-2.04              ,-160.03  ,-157.65            ,15.83                        ,-6.88         ,54.12                 ,1.24                ,49.81      ,2.57                        ,2.02           ,2.02                     ,54.29                    ,37.53                          ,-9.55                 ,-448.56                     ,-91.97                         ,34.16          ,- -            ,45.65                       ,243.92                         ,-636.42             ,-9.55                ,56.63          ,-46.23               ,-8.2                    ,-0.2311146548003556
51 ,2019 ,-6.12                    ,-3.74           ,-9.56        ,-5.07                       ,- -                    ,-15.7                   ,14.75                       ,-15.36        ,-16.7                       ,-3.01                     ,-14.12             ,-3.18                       ,-13.96               ,-12.86 ,-7.18             ,-15.7  ,-15.7  ,-3.66            ,-10.2                ,-11.27            ,1.34               ,18.33              ,8.9                  ,-14.51                          ,44.01                   ,-8.93                   ,-0.56       ,36.14           ,-8.43                ,-103.56                         ,-46.0                      ,- -                          ,76.57           ,8.7                     ,-0.44        ,-3.46               ,-9.33   ,0.24                 ,-2.39                     ,42.68   ,-11.21               ,9.75                         ,2.71              ,1.54                 ,-0.03        ,10.49             ,-0.71        ,-2.92                           ,-2.92        ,-0.44                      ,-3.44              ,134.99   ,142.06             ,-10.48                       ,-6.18         ,20.57                 ,-7.36               ,-16.7      ,8.9                         ,31.68          ,31.68                    ,-93.01                   ,1.63                           ,-24.41                ,183.17                      ,-366.93                        ,14.77          ,- -            ,42                          ,-28.16                         ,-231.53             ,-24.41               ,7.73           ,10.41                ,22.01                   ,-0.1522912468348309
52 ,2020 ,-3.25                    ,-1.37           ,-6.14        ,-7.73                       ,- -                    ,-3.7                    ,-157.14                     ,-5.97         ,-6.78                       ,-2.37                     ,-4.52              ,-2.46                       ,-4.43                ,-2.85  ,0.42              ,-3.7   ,-3.7   ,-2.98            ,-0.46                ,-3.65             ,5.1                ,8.95               ,2.17                 ,25.06                           ,53.24                   ,-0.76                   ,-0.96       ,-23.36          ,7.84                 ,412.5                           ,-1.59                      ,- -                          ,4.08            ,-0.96                   ,3.36         ,15.85               ,- -     ,14.35                ,15.63                     ,-55.43  ,-7.61                ,-31.79                       ,-5.66             ,1.42                 ,- -          ,8.01              ,-7.78        ,10.89                           ,10.89        ,3.36                       ,-0.37              ,411.0    ,360.82             ,18.6                         ,-6.74         ,-25.69                ,-7.95               ,-6.78      ,2.17                        ,-4.51          ,-4.51                    ,-2405.56                 ,23.21                          ,-11.8                 ,-66.59                      ,-65.19                         ,6.37           ,- -            ,-80.29                      ,-0.27                          ,74.19               ,-11.8                ,28.97          ,-5.8                 ,32.18                   ,0.0120277418669694
53 ,2021 ,22.23                    ,24.67           ,18.29        ,6.22                        ,- -                    ,36.08                   ,-502.5                      ,40.93         ,41.23                       ,-1.01                     ,42.66              ,-0.79                       ,42.35                ,30.21  ,6.53              ,36.08  ,36.08  ,-3.22            ,11.33                ,15.54             ,24.01              ,8.27               ,-2.62                ,-8.44                           ,-22.65                  ,8.44                    ,49.18       ,-9.7            ,8.32                 ,-1.12                           ,9.66                       ,- -                          ,10.85           ,11.61                   ,9.93         ,25.18               ,- -     ,48.33                ,26.23                     ,50.71   ,9.08                 ,22.84                        ,25.13             ,3.02                 ,-0.07        ,12.63             ,3.18         ,-0.87                           ,-0.87        ,9.93                       ,-2.54              ,-46.38   ,-45.91             ,-20.75                       ,-14.19        ,-6.65                 ,-1.44               ,41.23      ,-2.62                       ,-6.3           ,-6.3                     ,-48.43                   ,14.05                          ,32.22                 ,-197.96                     ,-3065.25                       ,7.18           ,-3.47          ,546.38                      ,12.33                          ,-165.19             ,32.22                ,12.01          ,33.55                ,-19.24                  ,0.323855187769857
54 ,2022 ,6.08                     ,8.81            ,1.43         ,-4.35                       ,- -                    ,8.07                    ,-2801.86                    ,-64.24        ,-51.61                      ,-3.2                      ,-50.01             ,-3.43                       ,-49.89               ,7.01   ,0.88              ,8.07   ,8.07   ,-4.38            ,1.88                 ,-54.38            ,21.1               ,7.62               ,-1.28                ,-23.69                          ,-11.75                  ,-8.39                   ,15.35       ,38.87           ,-6.78                ,57.86                           ,-2.93                      ,- -                          ,1.82            ,-1.35                   ,-4.09        ,-17.34              ,47.06   ,-10.3                ,-16.5                     ,68.19   ,-5.69                ,24.26                        ,-3.51             ,1.24                 ,-0.1         ,2.07              ,-75.14       ,-4.61                           ,-4.61        ,-4.09                      ,-4.11              ,-81.06   ,-80.15             ,-2.49                        ,11.64         ,48.07                 ,-12.41              ,-51.61     ,-1.28                       ,2090.76        ,-6.72                    ,-383.33                  ,-38.95                         ,-6.39                 ,-228.57                     ,-102.31                        ,4.17           ,80.36          ,10.1                        ,2.33                           ,-75.89              ,-6.39                ,-43.27         ,0.67                 ,26.17                   ,-0.1263142508526764
55 ,2023 ,2.63                     ,-2.32           ,11.67        ,8.42                        ,- -                    ,14.98                   ,-94.51                      ,227.89        ,136.15                      ,-3.12                     ,143.76             ,-3.06                       ,143.6                ,13.61  ,10.69             ,14.98  ,14.98  ,8.81             ,12.03                ,130.09            ,2.63               ,6.89               ,1.82                 ,-24.57                          ,-13.11                  ,2.55                    ,-3.68       ,-19.89          ,-8.17                ,-513.28                         ,134.63                     ,- -                          ,-41.76          ,0.88                    ,-3.55        ,1.09                ,- -     ,2.67                 ,1.19                      ,-59.32  ,-4.94                ,-34.78                       ,-13.57            ,2.61                 ,-0.03        ,12.93             ,2.18         ,5.53                            ,5.53         ,-3.55                      ,-2.42              ,355.25   ,331.38             ,18.11                        ,-9.24         ,23.57                 ,- -                 ,136.15     ,1.82                        ,-91.33         ,3.6                      ,-107.04                  ,71.26                          ,3.27                  ,-24.42                      ,-397.53                        ,3.56           ,- -            ,-24.04                      ,58.94                          ,23.0                ,3.27                 ,86.14          ,-13.61               ,-27.48                  ,0.2244682095528547
